X,Y,OBJECTID,Name,Address,Description,Easting,Northing,last_edited_date
173.961850087600624,-41.461234760519254,19910,Spring Creek Dairy & Takeaways,2238 SH 1 Spring Creek .,Food Premises - High Risk,1680327,5409593,2017-07-17T00:37:30.000Z
174.000453579478972,-41.291069572272228,19911,Ngamahau Fishing,4 Kent Street Picton .,Food Premises - High Risk,1683769,5428448,2017-07-17T00:37:30.000Z
173.819809359127362,-41.486555648000348,19912,Giesen Wines Cellar Door,26 Rapaura Road Rapaura .,Food Control Plan,1668438,5406904,2017-07-17T00:37:30.000Z
174.006505262859093,-41.291629332547956,19913,Fergies Fish N Chips & Kebabs,81 High Street Picton .,Food Control Plan,1684275,5428380,2017-07-17T00:37:30.000Z
173.953991516551781,-41.507534796840218,19914,Quality Hotel Marlborough,22 Nelson Street Blenheim .,Food Control Plan,1679614,5404460,2017-07-17T00:37:30.000Z
173.840976232703554,-41.540284576295079,19915,Brancott Estate Heritage Centre,110 Brancott Road Fairhall .,Food Control Plan,1670147,5400922,2017-07-17T00:37:30.000Z
173.957014681374062,-41.521606066291177,19916,Little Footsteps,102 Scott Street Blenheim .,Food Control Plan,1679849,5402895,2017-07-17T00:37:30.000Z
173.957014681374062,-41.521606066291177,19917,Rai Valley Tavern,6767 SH 6 Rai .,Food Control Plan,1679849,5402895,2017-07-17T00:37:30.000Z
173.956909510700086,-41.511212547841922,19918,Biddy Kates,2 Market Street Blenheim .,Food Control Plan,1679853,5404049,2017-07-17T00:37:30.000Z
173.971110985345234,-41.528936891026454,19919,Lawson's Dry Hills Wines Limited,238 Alabama Road Riverlands .,Food Control Plan,1681016,5402068,2017-07-17T00:37:30.000Z
174.006534096981625,-41.289620385441758,19920,The Thirsty Pig Picton,27 High Street Picton .,Food Control Plan,1684280,5428603,2017-07-17T00:37:30.000Z
173.823726364763047,-41.508298409426345,19921,Cork & Keg,33 Inkerman Street Renwick .,Food Control Plan,1668742,5404487,2017-07-17T00:37:30.000Z
173.823726364763047,-41.508298409426345,19922,The Yard Bar And Bistro Limited,30 Maxwell Road Blenheim .,Food Control Plan,1668742,5404487,2017-07-17T00:37:30.000Z
173.768955791101973,-41.276094493044084,19923,Slip Inn Cafe & Restaurant,17 Cook Street Havelock .,Food Control Plan,1664400,5430308,2017-07-17T00:37:30.000Z
173.960254727604678,-41.502420573713557,19924,Grove Tavern (2003) Limited,77 Grove Road Blenheim .,Food Control Plan,1680143,5405022,2017-07-17T00:37:30.000Z
173.669886002179254,-41.291107925179141,19925,Trout Hotel,21 Wakamarina Road Canvastown .,Food Control Plan,1656090,5428710,2017-07-17T00:37:30.000Z
174.03535285243737,-41.198981913854347,19926,Portage Resort Hotel,2923 Kenepuru Road Kenepuru Sound .,Food Control Plan,1686813,5438637,2017-07-17T00:37:30.000Z
173.875478919725026,-41.491324593970198,19927,Twelve Trees,229 Jacksons Road Rapaura .,Food Control Plan,1673080,5406329,2017-07-17T00:37:30.000Z
173.956608184219988,-41.514349587893555,19928,Mango Restaurant Bar,2 Scott Street Blenheim .,Food Control Plan,1679824,5403701,2017-07-17T00:37:30.000Z
174.075386212392289,-41.673041408191395,19929,Cosy Corner,9 Mills Street Seddon .,Food Control Plan,1689516,5385966,2017-07-17T00:37:30.000Z
174.024892271148133,-41.276802709019847,19930,Endeavour Park Pavilion Soc Incorp,181 Waikawa Road Picton .,Food Control Plan,1685834,5430008,2017-07-17T00:37:30.000Z
173.841487770183136,-41.475202932837085,19931,Hans Herzog Estate,81 Jeffries Road Rapaura .,Food Control Plan,1670260,5408147,2017-07-17T00:37:30.000Z
173.959860589298387,-41.501694273103617,19932,Rocco's Italian Restaurant,5 Dodson Street Blenheim .,Food Control Plan,1680111,5405103,2017-07-17T00:37:30.000Z
173.956062194862227,-41.512264439710265,19933,Dolce Cafe & Pizzeria,48 Market Street Blenheim .,Food Control Plan,1679781,5403933,2017-07-17T00:37:30.000Z
174.007956320061027,-41.289689008944158,19934,Seumus Irish Bar,21 Wellington Street Picton .,Food Control Plan,1684399,5428594,2017-07-17T00:37:30.000Z
173.767406586051237,-41.279410655357474,19935,Havelock Hotel,54 Main Road Havelock .,Food Control Plan,1664267,5429941,2017-07-17T00:37:30.000Z
174.037729805811466,-41.267869241260335,19936,Jolly Roger Bar & Restaurant,Waikawa Marina Waikawa Bay Queen Charlotte Sound / Totaranui .,Food Control Plan,1686921,5430987,2017-07-17T00:37:30.000Z
173.892140879391405,-40.857694752506497,19937,d'Urville Island Wilderness Resort,Catherine Cove d'Urville .,Food Control Plan,1675192,5476657,2017-07-17T00:37:30.000Z
174.007168520360295,-41.288939266006253,19938,Seabreeze Cafe,22 London Quay Picton .,Food Control Plan,1684334,5428678,2017-07-17T00:37:30.000Z
173.963930778205196,-41.512766213206433,19939,Gourmet 5081 Limited,28 Park Terrace Blenheim .,Food Control Plan,1680437,5403870,2017-07-17T00:37:30.000Z
173.957234570907389,-41.512128585227124,19940,Sagai,35 High Street Blenheim .,Food Control Plan,1679879,5403947,2017-07-17T00:37:30.000Z
173.961845296403311,-41.460910535751914,19941,The Junction Hotel,2234 SH 1 Spring Creek .,Food Control Plan,1680327,5409629,2017-07-17T00:37:30.000Z
174.007962161268267,-41.289292623307198,19942,Oxley's Bar & Kitchen,London Quay Picton .,Food Control Plan,1684400,5428638,2017-07-17T00:37:30.000Z
173.821121322151953,-41.498435992679035,19943,Forrest Estate Winery Limited,19 Blicks Road Renwick .,Food Control Plan,1668535,5405584,2017-07-17T00:37:30.000Z
173.918074694429151,-41.530921799674395,19944,Wither Hills,211 New Renwick Road Omaka .,Food Control Plan,1676589,5401896,2017-07-17T00:37:30.000Z
174.007231025420054,-41.29222649331529,19945,Red Salt Cafe,100 High Street Picton .,Food Control Plan,1684335,5428313,2017-07-17T00:37:30.000Z
173.53268730634494,-41.56376153819393,19946,Wairau Valley Tavern,2692 SH 63 Wairau Valley .,Food Control Plan,1644416,5398520,2017-07-17T00:37:30.000Z
173.954722452748626,-41.514059011175632,19947,Raizada Indian Restaurant,57 Seymour Street Blenheim .,Food Control Plan,1679667,5403735,2017-07-17T00:37:30.000Z
173.99949138365929,-41.295320510373607,19948,The Quest Catering Company,22 Durham Street Picton .,Food Control Plan,1683683,5427977,2017-07-17T00:37:30.000Z
173.843459665090904,-41.515505345538749,19949,Arbour,36 Godfrey Road Hawkesbury .,Food Control Plan,1670381,5403671,2017-07-17T00:37:30.000Z
173.571123184080335,-41.205426725603381,19950,Foresters,7090 SH 6 Rai .,Food Control Plan,1647883,5438281,2017-07-17T00:37:30.000Z
174.006999596656271,-41.291156613872836,19951,Plaza India Bistro & Tandoor,70 High Street Picton .,Food Control Plan,1684317,5428432,2017-07-17T00:37:30.000Z
173.761579732971967,-41.524318430220895,19952,Clos Henri Vineyard,639 SH 63 Wairau Valley .,Food Control Plan,1663540,5402756,2017-07-17T00:37:30.000Z
173.839903177985235,-41.483267100148318,19953,D'Vine,197 Rapaura Road Rapaura .,Food Control Plan,1670119,5407253,2017-07-17T00:37:30.000Z
173.995621883621567,-41.22931897882679,19954,Lochmara Lodge,Lochmara Bay Queen Charlotte Sound / Totaranui .,Food Control Plan,1683443,5435308,2017-07-17T00:37:30.000Z
173.955190884096396,-41.530430329403096,19955,Yum Pizza & Restaurant,81 Cleghorn Street Blenheim .,Food Control Plan,1679686,5401917,2017-07-17T00:37:30.000Z
174.005936271545011,-41.291129880793925,19956,Thai Panda Limited,58 Auckland Street Picton .,Food Control Plan,1684228,5428436,2017-07-17T00:37:30.000Z
173.957241338085311,-41.512587900158714,19957,CPR Coffee 2015 Company Limited,18 Wynen Street Blenheim .,Food Control Plan,1679879,5403896,2017-07-17T00:37:30.000Z
173.955872830761905,-41.514869117239556,19958,Village India Restaurant,17 B Maxwell Road Blenheim .,Food Control Plan,1679762,5403644,2017-07-17T00:37:30.000Z
173.938467508951561,-41.185778125099986,19959,Raetihi Holdings Limited,7124 Kenepuru Road Kenepuru Sound .,Food Control Plan,1678705,5440195,2017-07-17T00:37:30.000Z
173.826717281574588,-41.505097361373394,19960,Giesen Sports & Events Centre,10 Uxbridge Street Renwick .,Food Control Plan,1668995,5404840,2017-07-17T00:37:30.000Z
174.001771717702837,-41.296822970681987,19961,Crow Tavern,15 Nelson Square Picton .,Food Control Plan,1683872,5427808,2017-07-17T00:37:30.000Z
173.957175561206725,-41.515443754492523,19962,B B Foods,31 Scott Street Blenheim .,Food Control Plan,1679870,5403579,2017-07-17T00:37:30.000Z
173.957171078819755,-41.511885917135857,19963,Chutneys,42 High Street Blenheim .,Food Control Plan,1679874,5403974,2017-07-17T00:37:30.000Z
173.958397591496436,-41.5129835974587,19964,Essential Asian Ingredients,46 Wynen Street Blenheim .,Food Control Plan,1679975,5403851,2017-07-17T00:37:30.000Z
173.960411249741242,-41.513011834647429,19965,B V Gourmet,2 A Park Terrace Blenheim .,Food Control Plan,1680143,5403846,2017-07-17T00:37:30.000Z
173.94082843876501,-41.509588810676789,19966,Springlands Tavern (2011) Limited,16 Boyce Street Blenheim .,Food Control Plan,1678513,5404244,2017-07-17T00:37:30.000Z
173.94082843876501,-41.509588810676789,19967,DA's Barn Bar & Restaurant,48 High Street Picton .,Food Control Plan,1678513,5404244,2017-07-17T00:37:30.000Z
173.887450063868954,-41.474902527199838,19968,Hunters Wines (Nz) Limited,603 Rapaura Road Rapaura .,Food Control Plan,1674098,5408142,2017-07-17T00:37:30.000Z
174.006571616368575,-41.288953494752,19969,Cafe Cortado,London Quay Picton .,Food Control Plan,1684284,5428677,2017-07-17T00:37:30.000Z
174.007283468894627,-41.28942467073847,19970,Wave Cafe And Courtyard,20 High Street Picton .,Food Control Plan,1684343,5428624,2017-07-17T00:37:30.000Z
174.150400029123944,-41.129962719098899,19971,Punga Cove Resort,Endeavour Inlet Queen Charlotte Sound / Totaranui .,Food Control Plan,1696561,5446178,2017-07-17T00:37:30.000Z
173.956008535932256,-41.514318545309173,19972,Scotch Bar,24 Maxwell Road Blenheim .,Food Control Plan,1679774,5403705,2017-07-17T00:37:30.000Z
173.959191084936691,-41.512346472353485,19973,Raupo Cafe,6 Symons Street Blenheim .,Food Control Plan,1680042,5403921,2017-07-17T00:37:30.000Z
173.881773963571248,-41.487331289322491,19974,Moa Brewery Company Limited-Cellar Door,258 Jacksons Road Rapaura .,Food Control Plan,1673610,5406767,2017-07-17T00:37:30.000Z
174.187140162652696,-41.092883151779837,19975,Furneaux Lodge,Endeavour Inlet Queen Charlotte Sound / Totaranui .,Food Control Plan,1699701,5450253,2017-07-17T00:37:30.000Z
173.964344499557285,-41.513996741430987,19976,Fairweathers On Scott Limited,36 Scott Street Blenheim .,Food Control Plan,1680470,5403733,2017-07-17T00:37:30.000Z
173.954022875822375,-41.516199541404774,19977,Bamboo Gardens (2013) Limited,67 Queen Street Blenheim .,Food Control Plan,1679606,5403498,2017-07-17T00:37:30.000Z
173.825541400731652,-41.507798999294657,19978,Woodbourne Tavern,76 High Street Renwick .,Food Control Plan,1668894,5404541,2017-07-17T00:37:30.000Z
173.956969204314873,-41.51526532638097,19979,Poppy Thai Ltd,31 Scott Street Blenheim .,Food Control Plan,1679853,5403599,2017-07-17T00:37:30.000Z
173.965428174394077,-41.482074789317771,19980,Grovetown Hotel,2470 SH 1 Grovetown .,Food Control Plan,1680600,5407276,2017-07-17T00:37:30.000Z
173.95866979143463,-41.510315173710154,19981,Waterfront Bar & Grill,Grove Road Blenheim .,Food Control Plan,1680001,5404147,2017-07-17T00:37:30.000Z
174.007574231972541,-41.288917700257841,19982,Le Cafe,12 London Quay Picton .,Food Control Plan,1684368,5428680,2017-07-17T00:37:30.000Z
174.004968086260305,-41.288742315462159,19983,Toot & Whistle,7 Auckland Street Picton .,Food Control Plan,1684150,5428702,2017-07-17T00:37:30.000Z
173.969326228178062,-41.51617064738722,19984,JJ's,60 South Street Blenheim .,Food Control Plan,1680883,5403487,2017-07-17T00:37:30.000Z
173.956305973759584,-41.514171955850216,19985,Ritual,10 Maxwell Road Blenheim .,Food Control Plan,1679799,5403721,2017-07-17T00:37:30.000Z
173.876895908336792,-41.503122405818253,19986,Jackson Estate Limited,77 Jacksons Road Rapaura .,Food Control Plan,1673185,5405018,2017-07-17T00:37:30.000Z
173.571484596298149,-41.29897077025641,19987,Pelorus Bridge Cafe Limited,SH 6 Rai .,Food Control Plan,1647845,5427896,2017-07-17T00:37:30.000Z
173.856806090196557,-41.289354981113625,19988,Linkwater Country Inn,1162 Queen Charlotte Drive Linkwater .,Food Control Plan,1671743,5428767,2017-07-17T00:37:30.000Z
173.999296893436707,-41.289620387822573,19989,Mediterranean Food Marlborough,3 Queen Charlotte Drive Picton .,Food Control Plan,1683674,5428610,2017-07-17T00:37:30.000Z
173.968982734669368,-41.517245407218624,19990,Lola's French Bakery,7 Mary Grace Place Blenheim .,Food Control Plan,1680853,5403368,2017-07-17T00:37:30.000Z
174.007071856253276,-41.289642704746292,19991,Bakehouse Cafe,32 High Street Picton .,Food Control Plan,1684325,5428600,2017-07-17T00:37:30.000Z
173.964971967162654,-41.474737644707254,19992,Dartington Barn,3 Fell Street Grovetown .,Food Control Plan,1680571,5408091,2017-07-17T00:37:30.000Z
173.948966613130352,-41.522834699242097,19993,Karaka Cuisine Limited,107 Maxwell Road Blenheim .,Food Control Plan,1679176,5402766,2017-07-17T00:37:30.000Z
174.021445097330513,-41.282391044794856,19994,Bayroad Seafoods,151 Waikawa Road Picton .,Food Control Plan,1685538,5429391,2017-07-17T00:37:30.000Z
174.023902918045138,-41.276910596903477,19995,Pure Food Ltd,181 Waikawa Road Picton .,National Programme Level 2,1685751,5429997,2017-07-17T00:37:30.000Z
174.005956858912214,-41.529781256287947,19996,Consolidated Vintners And Distillers (NZ) Ltd,2 Bristol Street Riverlands .,National Programme Level 3,1683922,5401941,2017-07-17T00:37:30.000Z
173.923306346991211,-41.536356325125645,19997,Omaka Marae Incorporated,120 Aerodrome Road Omaka .,National Programme Level 2,1677019,5401288,2017-07-17T00:37:30.000Z
173.79558758265398,-41.509991727959978,19998,Seresin Estate Limited,85 Bedford Road Conders Bend .,National Programme Level 3,1666392,5404321,2017-07-17T00:37:30.000Z
173.999094171251869,-41.289640162738159,19999,Mediterranean Food Marlborough,3 Queen Charlotte Drive Picton .,National Programme Level 3,1683657,5428608,2017-07-17T00:37:30.000Z
173.950865698317756,-41.457669099215849,20000,Market Coffee Co,1167 Rapaura Road Spring Creek Rural .,National Programme Level 2,1679414,5409999,2017-07-17T00:37:30.000Z
173.943066077718782,-41.48789890705951,20001,Lawncourt Harvest,34 Old Renwick Road Rapaura .,National Programme Level 2,1678726,5406650,2017-07-17T00:37:30.000Z
173.956317956089777,-41.514171856207874,20002,Ritual Coffee Company (2015) Limited,10 Maxwell Road Blenheim .,National Programme Level 2,1679800,5403721,2017-07-17T00:37:30.000Z
173.834835278702315,-41.549390634435369,20003,Faversham Olive Grove,203 Brookby Road Hawkesbury .,National Programme Level 3,1669625,5399916,2017-07-17T00:37:30.000Z
173.968154502278992,-41.518765603915959,20004,Fresh Direct Wholesale 2009 Limited,20 Timandra Place Blenheim .,National Programme Level 1,1680782,5403200,2017-07-17T00:37:30.000Z
174.007888555590796,-41.289941815147266,20005,Escape To Picton Limited,33 Wellington Street Picton .,Food Control Plan,1684393,5428566,2017-07-17T00:37:30.000Z
173.92453104556148,-41.463207133535157,20006,Saint Clair Vineyard Kitchen,13 Selmes Road Rapaura .,Food Control Plan,1677208,5409408,2017-07-17T00:37:30.000Z
173.766893407073667,-41.278414220966944,20007,Havelock Takeaway Ltd,64 Main Road Havelock .,Food Control Plan,1664225,5430052,2017-07-17T00:37:30.000Z
173.904968452972497,-41.074420569443483,20008,Te Rawa Resort,Te Rawa Bay Pelorus Sound / Te Hoiere .,Food Control Plan,1676024,5452587,2017-07-17T00:37:30.000Z
173.954812230452859,-41.512013613397016,20009,Watery Mouth Cafe,29 Seymour Street Blenheim .,Food Control Plan,1679677,5403962,2017-07-17T00:37:30.000Z
173.878938311803751,-41.492009788445628,20010,Cloudy Bay Vineyards Limited,238 Jacksons Road Rapaura .,Food Control Plan,1673368,5406250,2017-07-17T00:37:30.000Z
174.009545858644429,-41.290539808809775,20011,Picton Beachcomber Inn 2000 Limited,25 Waikawa Road Picton .,Food Control Plan,1684531,5428498,2017-07-17T00:37:30.000Z
173.96159127235336,-41.473703092364651,20012,Mississippi Herbs,5 Mills and Ford Road East Grovetown .,Food Control Plan,1680290,5408209,2017-07-17T00:37:30.000Z
173.959793228465458,-41.51416992576204,20013,Gecko Junction,2 Redwood Street Blenheim .,Food Control Plan,1680090,5403718,2017-07-17T00:37:30.000Z
173.956717438549248,-41.515258413905428,20014,Cartel Bar And Grill,28 Scott Street Blenheim .,Food Control Plan,1679832,5403600,2017-07-17T00:37:30.000Z
173.932312317508121,-41.514026700155881,20015,Blenheim Indoor Sports Limited,50 Battys Road Blenheim .,Food Control Plan,1677797,5403759,2017-07-17T00:37:30.000Z
173.822385328264716,-41.508380065397773,20016,Homestead Crafts & Preserves,3 A Nelson Place Renwick .,Food Control Plan,1668630,5404479,2017-07-17T00:37:30.000Z
174.151623217323049,-41.192374131212333,20017,Bay Of Many Coves Resort,Bay Of Many Coves Queen Charlotte Sound / Totaranui .,Food Control Plan,1696572,5439248,2017-07-17T00:37:30.000Z
173.936630223004755,-41.50929881697607,20018,Speights Ale House Blenheim,111 Middle Renwick Road Blenheim .,Food Control Plan,1678163,5404280,2017-07-17T00:37:30.000Z
173.766657880491721,-41.278695028301826,20019,Shiloh - The Blue Shop,69 Main Road Havelock .,Food Control Plan,1664205,5430021,2017-07-17T00:37:30.000Z
173.839572237559537,-41.484539553981882,20020,Marlborough Vintners Hotel,190 Rapaura Road Rapaura .,Food Control Plan,1670090,5407112,2017-07-17T00:37:30.000Z
173.90931811841196,-41.471389994110993,20021,The Marlborough Lodge,776 Rapaura Road Rapaura .,Food Control Plan,1675928,5408513,2017-07-17T00:37:30.000Z
173.837659048266772,-41.528491234570517,20022,Highfield,27 Brookby Road Hawkesbury .,Food Control Plan,1669883,5402234,2017-07-17T00:37:30.000Z
173.839903177985235,-41.483267100148318,20023,Vines Village Cafe,197 Rapaura Road Rapaura .,Food Control Plan,1670119,5407253,2017-07-17T00:37:30.000Z
174.005545537386041,-41.286683538499311,20024,Edwin Fox Museum,London Quay Picton .,Food Control Plan,1684201,5428930,2017-07-17T00:37:30.000Z
173.766547155596868,-41.278416527061005,20025,The Mussel Pot Restaurant,73 Main Road Havelock .,Food Control Plan,1664196,5430052,2017-07-17T00:37:30.000Z
173.956432206799917,-41.52274582762395,20026,Two Small Rooms,74 Muller Road Blenheim .,Hairdresser,1679799,5402769,2017-07-17T00:37:30.000Z
173.766914966821673,-41.278215908023512,20027,Apples For Charlotte Limited,66 Main Road Havelock .,Food Control Plans,1664227,5430074,2017-07-17T00:37:30.000Z
173.959837345173042,-41.509044415283903,20028,Blenheim Railway Cafe,2 Sinclair Street Blenheim .,Food Control Plans,1680100,5404287,2017-07-17T00:37:30.000Z
173.766498585369646,-41.277326919121556,20029,Captains Daughter,72 Main Road Havelock .,Food Control Plans,1664193,5430173,2017-07-17T00:37:30.000Z
173.956638116682797,-41.514754666341076,20030,Mia - Made In Aotearoa,14 Scott Street Blenheim .,Food Control Plans,1679826,5403656,2017-07-17T00:37:30.000Z
173.956342287600648,-41.512568358322135,20031,Thomas And Sons,54 Market Street Blenheim .,Food Control Plans,1679804,5403899,2017-07-17T00:37:30.000Z
173.955401736205118,-41.513801166017409,20032,De Burgh's Enterprises Limited,48 Queen Street Blenheim .,Food Control Plans,1679724,5403763,2017-07-17T00:37:30.000Z
173.957157463839764,-41.512588598280608,20033,DML Hair,14 Wynen Street Blenheim .,Hairdresser,1679872,5403896,2017-07-17T00:37:30.000Z
173.955684482301223,-41.51428520964663,20034,Noodle Canteen Ltd,79 Queen Street Blenheim .,Food Control Plans,1679747,5403709,2017-07-17T00:37:30.000Z
173.659629356187196,-41.111992154539244,20035,Simpson,28 Esplanade Okiwi Bay Croisilles .,Camping Ground,1655382,5448601,2017-07-17T00:37:30.000Z
173.659629356187196,-41.111992154539244,20036,Simpson,28 Esplanade Okiwi Bay Croisilles .,Camping Ground,1655382,5448601,2017-07-17T00:37:30.000Z
174.078499780728151,-41.670292118056018,20037,Awatere Accommodation,9 Marldene Avenue Seddon .,Camping Ground,1689779,5386268,2017-07-17T00:37:30.000Z
173.969140517959744,-41.513361943715843,20038,Hostel On Main,78 Main Street Blenheim .,Camping Ground,1680871,5403799,2017-07-17T00:37:30.000Z
174.006538839332762,-41.289151948634469,20039,Hair On High Street,9 High Street Picton .,Hairdresser,1684281,5428655,2017-07-17T00:37:30.000Z
173.972261545071234,-41.505706434131554,20040,Searnne's Hair,5 Holdaway Street Blenheim .,Hairdresser,1681141,5404646,2017-07-17T00:37:30.000Z
173.948260856797532,-41.52375025495158,20041,Zabetti Hair Ltd,113 A Maxwell Road Blenheim .,Hairdresser,1679116,5402665,2017-07-17T00:37:30.000Z
173.940017211831986,-41.509838641231852,20042,Cloudy Bay Funeral Services,13 Boyce Street Blenheim .,Funeral Director,1678445,5404217,2017-07-17T00:37:30.000Z
173.638156024265669,-41.346487174070084,20043,Pinedale Camp,820 Wakamarina Road Wakamarina .,Camping Ground,1653388,5422582,2017-07-17T00:37:30.000Z
173.957492876902876,-41.51745874214555,20044,Community College Marlborough,65 Scott Street Blenheim .,Hairdresser,1679894,5403355,2017-07-17T00:37:30.000Z
173.965982570871773,-41.502462678454577,20045,Endeavour Hair Design,27 Endeavour Street Blenheim .,Hairdresser,1680621,5405012,2017-07-17T00:37:30.000Z
174.0256210175923,-41.536993474547089,20046,Riverlands Roadhouse,3535 SH 1 Riverlands .,Camping Ground,1685553,5401121,2017-07-17T00:37:30.000Z
174.026638135451037,-41.542181560922089,20047,Marlborough Septic Tank Services Ltd,4 Cloudy Bay Drive Wither Hills .,Offensive Trade,1685631,5400544,2017-07-17T00:37:30.000Z
173.840347374918991,-41.483344921815601,20048,Blue Rock Ltd,197 Rapaura Road Rapaura .,Food Premises - High Risk,1670156,5407244,2017-07-17T00:37:30.000Z
173.930713805920846,-41.509517989172011,20049,Admirals Motor Lodge,161 Middle Renwick Road Blenheim .,Food Premises - High Risk,1677669,5404261,2017-07-17T00:37:30.000Z
174.007991727095799,-41.289661676091619,20050,Kiwi Takeaways- Fish 'n' Chips,21 Wellington Street Picton .,Food Premises - High Risk,1684402,5428597,2017-07-17T00:37:30.000Z
174.00662059118568,-41.289808788736501,20051,Indulge,29 High Street Picton .,Food Premises - Low Risk,1684287,5428582,2017-07-17T00:37:30.000Z
174.00875887225979,-41.289069461663871,20052,Marlborough Sounds Adventure Co (1995) Ltd,Wellington Street Picton .,Food Premises - Low Risk,1684467,5428662,2017-07-17T00:37:30.000Z
173.952941820263959,-41.51112839933446,20053,Scenic Hotel Marlborough,65 Alfred Street Blenheim .,Food Control Plans,1679522,5404062,2017-07-17T00:37:30.000Z
173.957194991457328,-41.510255400137005,20054,Marlborough Convention Centre,42 Alfred Street Blenheim .,Food Control Plans,1679878,5404155,2017-07-17T00:37:30.000Z
173.955176662586325,-41.501751285299868,20055,Undercutz,67 Hutcheson Street Blenheim .,Hairdresser,1679720,5405101,2017-07-17T00:37:30.000Z
173.955905236585096,-41.512184678958924,20056,CBD,48 Market Street Blenheim .,Food Premises - High Risk,1679768,5403942,2017-07-17T00:37:30.000Z
173.958958698263331,-41.509592182359917,20057,Benge & Co Green Grocer,20 Grove Road Blenheim .,Food Premises - Low Risk,1680026,5404227,2017-07-17T00:37:30.000Z
173.958958698263331,-41.509592182359917,20058,Guytons Fresh Seafood,20 Grove Road Blenheim .,Food Premises - Low Risk,1680026,5404227,2017-07-17T00:37:30.000Z
174.033762184994998,-41.275939734705659,20059,Betangled,3 Moana View Road Waikawa .,Hairdresser,1686578,5430095,2017-07-17T00:37:30.000Z
173.950807360459606,-41.511848634492068,20060,High Street Dairy And Takeaway,149 High Street Blenheim .,Food Premises - Low Risk,1679343,5403984,2017-07-17T00:37:30.000Z
173.922084171216085,-41.500093808203466,20061,Hedgerows,205 Old Renwick Road Rapaura .,Food Premises - Low Risk,1676960,5405315,2017-07-17T00:37:30.000Z
173.952894855516689,-41.512011502148724,20062,Chateau Marlborough,95 High Street Blenheim .,Food Control Plans,1679517,5403964,2017-07-17T00:37:30.000Z
174.017410681492322,-41.527140446048193,20063,Urban Hair Design,15 Hardings Road Riverlands .,Hairdresser,1684881,5402223,2017-07-17T00:37:30.000Z
173.957812259906461,-41.511484258352077,20064,Noodle Corner,21 Alfred Street Blenheim .,Food Premises - High Risk,1679928,5404018,2017-07-17T00:37:30.000Z
173.530930186916066,-41.563013051176711,20065,Wai-Natur Naturist Park,2704 SH 63 Wairau Valley .,Camping Ground,1644270,5398604,2017-07-17T00:37:30.000Z
173.955685674654319,-41.514366265231729,20066,Yumyum Kebabs Blenheim,10 George Street Blenheim .,Food Premises - High Risk,1679747,5403700,2017-07-17T00:37:30.000Z
173.972690769942517,-41.222975382117937,20067,Mistletoe Bay Trust,Onahau Road Queen Charlotte Sound / Totaranui .,Food Premises - Low Risk,1681529,5436034,2017-07-17T00:37:30.000Z
173.924930404404819,-41.506457131384856,20068,Bunnings Hardware Cafe Blenheim,7 Westwood Avenue Blenheim .,Food Premises - Low Risk,1677190,5404606,2017-07-17T00:37:30.000Z
173.960709709495177,-41.50402007192578,20069,Blenheim K F C,58 Grove Road Blenheim .,Food Control Plans,1680179,5404844,2017-07-17T00:37:30.000Z
173.958970034214587,-41.508736395860168,20070,The Barber Shop,25 Grove Road Blenheim .,Hairdresser,1680028,5404322,2017-07-17T00:37:30.000Z
173.941841531177715,-41.497636841086909,20071,The Front Room Hair Design,Old Renwick Road Rapaura .,Hairdresser,1678612,5405570,2017-07-17T00:37:30.000Z
173.939566649598021,-41.530883313025377,20072,Marlborough Vintage Car Club,New Renwick Road Blenheim .,Food Premises - High Risk,1678382,5401881,2017-07-17T00:37:30.000Z
174.131678720231946,-41.648281056151205,20073,Yealands Estate Cellar Door,534 Seaview Road Blind River .,Food Premises - Low Risk,1694238,5388655,2017-07-17T00:37:30.000Z
173.9679904541741,-41.503733838271451,20074,NMIT Gingko Cafe,85 Budge Street Blenheim .,Food Premises - High Risk,1680787,5404869,2017-07-17T00:37:30.000Z
173.94185730858598,-41.524352324049708,20075,Romeo & Juliet Limited (Leitrim St),29 Leitrim Street Blenheim .,Hairdresser,1678581,5402604,2017-07-17T00:37:30.000Z
173.955249883277276,-41.53036678853767,20076,Golden Sun Takeaway,81 Cleghorn Street Blenheim .,Food Premises - High Risk,1679691,5401924,2017-07-17T00:37:30.000Z
173.957244735213408,-41.511191743431908,20077,S K Barber,1 Market Street Blenheim .,Hairdresser,1679881,5404051,2017-07-17T00:37:30.000Z
173.956108197572121,-41.507247000095759,20078,Geoffrey T Sowman,16 Hutcheson Street Blenheim .,Funeral Director,1679791,5404490,2017-07-17T00:37:30.000Z
173.957299955480153,-41.517379282831001,20079,Marlborough Community College Limited,65 Scott Street Blenheim .,Food Premises - High Risk,1679878,5403364,2017-07-17T00:37:30.000Z
173.571496461598429,-41.298961703638412,20080,Pelorus Bridge Camp Ground,SH 6 Rai .,Camping Ground,1647846,5427897,2017-07-17T00:37:30.000Z
173.959247626835094,-41.514552783673402,20081,The Warehouse (BHE),Kinross Street Blenheim .,Food Premises - Low Risk,1680044,5403676,2017-07-17T00:37:30.000Z
173.957506572154728,-41.511883124279969,20082,Manhattan Milk Bar,30 High Street Blenheim .,Food Premises - High Risk,1679902,5403974,2017-07-17T00:37:30.000Z
173.955381215100005,-41.514035525725127,20083,Queen Street Service Station (2013) Ltd,56 Queen Street Blenheim .,Food Premises - Low Risk,1679722,5403737,2017-07-17T00:37:30.000Z
173.922429922094608,-41.533733240260517,20084,The Country Touch,39 Green Lane Omaka .,Hairdresser,1676949,5401580,2017-07-17T00:37:30.000Z
173.826265677871049,-41.508217142269935,20085,Gas Renwick,59 High Street Renwick .,Food Premises - Low Risk,1668954,5404494,2017-07-17T00:37:30.000Z
173.887183596752209,-41.289908532091218,20086,Smiths Farm Holiday Park,Queen Charlotte Drive Linkwater .,Camping Ground,1674286,5428680,2017-07-17T00:37:30.000Z
173.959048737783121,-41.507573799725719,20087,Mobil Blenheim,31 Grove Road Blenheim .,Food Premises - Low Risk,1680036,5404451,2017-07-17T00:37:30.000Z
173.95723342970291,-41.513677846675698,20088,Cafe Home,1 Main Street Blenheim .,Food Premises - High Risk,1679877,5403775,2017-07-17T00:37:30.000Z
173.977049566445316,-41.450360876870242,20089,Leanne's Hair Studio,75 Chaytors Road Lower Wairau .,Hairdresser,1681610,5410786,2017-07-17T00:37:30.000Z
173.826388656837764,-41.507522694546196,20090,Renwick Takeaway,70 High Street Renwick .,Food Premises - High Risk,1668965,5404571,2017-07-17T00:37:30.000Z
173.95759388880461,-41.515368213655371,20091,Toptown Cinemas,4 Kinross Street Blenheim .,Food Premises - Low Risk,1679905,5403587,2017-07-17T00:37:30.000Z
173.867667607286478,-41.481403648008175,20092,Rapaura Hair Design,456 Rapaura Road Rapaura .,Hairdresser,1672439,5407437,2017-07-17T00:37:30.000Z
174.071971413061505,-41.672857143374166,20093,Awatere Motor Camp,Foster Street Seddon .,Camping Ground,1689232,5385990,2017-07-17T00:37:30.000Z
173.956631836795083,-41.515142031442345,20094,Master Roasts And Master Oriental,24 Scott Street Blenheim .,Food Premises - High Risk,1679825,5403613,2017-07-17T00:37:30.000Z
173.960705247504563,-41.519926964035236,20095,The Hair Shed,46 Redwood Street Blenheim .,Hairdresser,1680159,5403078,2017-07-17T00:37:30.000Z
173.961697581659791,-41.473603122830518,20096,Heritage Bakery Ltd,5 Mills and Ford Road East Grovetown .,Food Premises - High Risk,1680299,5408220,2017-07-17T00:37:30.000Z
173.818530580671933,-41.486789939780799,20097,Nautilus Estate,12 Rapaura Road Rapaura .,Food Premises - Low Risk,1668331,5406879,2017-07-17T00:37:30.000Z
173.921785288734327,-40.98551314054361,20098,Tui Nature Reserve Wilderness Park,Waitata Bay Pelorus Sound / Te Hoiere .,Camping Ground,1677541,5462442,2017-07-17T00:37:30.000Z
174.012164202611416,-41.530438357638509,20099,Riverlands Snack Shack,21 Vernon Street Riverlands .,Food Premises - High Risk,1684439,5401862,2017-07-17T00:37:30.000Z
174.008340483756939,-41.291370065625323,20100,Picton Returned Services Association Incorporated,64 Wellington Street Picton .,Food Premises - High Risk,1684429,5428407,2017-07-17T00:37:30.000Z
173.95619540179942,-41.513173067431588,20101,Vamp Hair Studio Ltd,72 Market Street Blenheim .,Hairdresser,1679791,5403832,2017-07-17T00:37:30.000Z
173.956460020374948,-41.51405358013514,20102,Akbabas Kebab & Cafe,98 Market Street Blenheim .,Food Premises - High Risk,1679812,5403734,2017-07-17T00:37:30.000Z
173.958843177604308,-41.508260067505589,20103,Couplands Bakeries Ltd,27 Grove Road Blenheim .,Food Premises - Low Risk,1680018,5404375,2017-07-17T00:37:30.000Z
173.956291391531352,-41.513181276542056,20104,Cafe Velvet,72 Market Street Blenheim .,Food Premises - High Risk,1679799,5403831,2017-07-17T00:37:30.000Z
173.924163461676557,-41.463462293684429,20105,Pataka - The Food Store,13 Selmes Road Rapaura .,Food Premises - High Risk,1677177,5409380,2017-07-17T00:37:30.000Z
173.950735600718701,-41.511858235048592,20106,Codfathers Takeaway,149 High Street Blenheim .,Food Premises - High Risk,1679337,5403983,2017-07-17T00:37:30.000Z
173.583310611005516,-41.227984317159127,20107,Rai Valley Brick Oven 2012 Limited,6778 SH 6 Rai .,Food Premises - High Risk,1648888,5435770,2017-07-17T00:37:30.000Z
173.879837781123484,-41.536327838851371,20108,Marlborough Golf Club Incorporated,74 Paynters Road Fairhall .,Food Premises - High Risk,1673393,5401329,2017-07-17T00:37:30.000Z
173.825257731632036,-41.508107284290944,20109,Renwick Meat Market,82 High Street Renwick .,Food Premises - High Risk,1668870,5404507,2017-07-17T00:37:30.000Z
173.825632252065134,-41.508347793985358,20110,Renwick Dairy,63 High Street Renwick .,Food Premises - High Risk,1668901,5404480,2017-07-17T00:37:30.000Z
173.925437501809625,-41.499994815121795,20111,Jones Orchard,183 Old Renwick Road Rapaura .,Food Premises - Low Risk,1677240,5405323,2017-07-17T00:37:30.000Z
173.982154170937264,-41.522835264645657,20112,The Butcher Shop,383 Alabama Road Riverlands .,Food Premises - High Risk,1681945,5402735,2017-07-17T00:37:30.000Z
173.961114767812262,-41.502242250878048,20113,Midway Dairy & Takeaways,76 Grove Road Blenheim .,Food Premises - High Risk,1680215,5405041,2017-07-17T00:37:30.000Z
173.959855745603249,-41.506233988486258,20114,Golden Won Ton Takeaway,32 Grove Road Blenheim .,Food Premises - High Risk,1680105,5404599,2017-07-17T00:37:30.000Z
173.955998854146998,-41.507959484793432,20115,Mayfield Takeaways,8 Hutcheson Street Blenheim .,Food Premises - High Risk,1679781,5404411,2017-07-17T00:37:30.000Z
173.966360125003717,-41.513349312254661,20116,Main Street Fish & Chip Takeaway,62 Main Street Blenheim .,Food Premises - High Risk,1680639,5403803,2017-07-17T00:37:30.000Z
173.957615011254262,-41.510296939825395,20117,Marlborough Club,Russell Terrace Blenheim .,Food Premises - High Risk,1679913,5404150,2017-07-17T00:37:30.000Z
173.956388277739961,-41.511622211429923,20118,Cafe Le Cupp,30 Market Street Blenheim .,Food Premises - High Risk,1679809,5404004,2017-07-17T00:37:30.000Z
173.955333515509437,-41.530348079261138,20119,Redwood Takeaways,79 Cleghorn Street Blenheim .,Food Premises - High Risk,1679698,5401926,2017-07-17T00:37:30.000Z
173.953825446733219,-41.537845620790186,20120,Wither Hills Takeaways,6 Alana Place Blenheim .,Food Premises - High Risk,1679563,5401095,2017-07-17T00:37:30.000Z
173.955597192492348,-41.530345888378108,20121,Redwood Bakery 2001 Ltd,75 Cleghorn Street Blenheim .,Food Premises - High Risk,1679720,5401926,2017-07-17T00:37:30.000Z
173.957018461162704,-41.515354989229955,20122,Sakim Sushi,31 Scott Street Blenheim .,Food Premises - High Risk,1679857,5403589,2017-07-17T00:37:30.000Z
173.940549876990332,-41.510212592162119,20123,Springlands Takeaways,11 Boyce Street Blenheim .,Food Premises - High Risk,1678489,5404175,2017-07-17T00:37:30.000Z
173.955707519602129,-41.51422196725656,20124,Chantilly Coffee Lounge,77 Queen Street Blenheim .,Food Premises - High Risk,1679749,5403716,2017-07-17T00:37:30.000Z
174.017281841943031,-41.286508357465664,20125,Super 7 On The Spot,100 Waikawa Road Picton .,Food Premises - High Risk,1685184,5428938,2017-07-17T00:37:30.000Z
174.007119730138044,-41.290425947225465,20126,Kentucky Eataway,52 High Street Picton .,Food Premises - High Risk,1684328,5428513,2017-07-17T00:37:30.000Z
174.005938942696019,-41.290526348203564,20127,Picton Village Bakery Limited,46 Auckland Street Picton .,Food Premises - High Risk,1684229,5428503,2017-07-17T00:37:30.000Z
174.005312083782542,-41.285478558090574,20128,DEB-EZ Pantry,Lagoon Road Picton .,Food Premises - High Risk,1684183,5429064,2017-07-17T00:37:30.000Z
174.002513407007427,-41.295339267930956,20129,Picton Easy Mart & Takeaways,2 Nelson Square Picton .,Food Premises - High Risk,1683936,5427972,2017-07-17T00:37:30.000Z
173.922962394290579,-40.962506007508402,20130,Waitata Bay Lodge Limited,1090 Te Towaka-Port Ligar Road Admiralty Bay .,Food Premises - Low Risk,1677667,5464995,2017-07-17T00:37:30.000Z
174.18215479143177,-41.08909707850588,20131,Endeavour Resort & Fishing Lodge,Endeavour Inlet Queen Charlotte Sound / Totaranui .,Food Premises - Low Risk,1699288,5450679,2017-07-17T00:37:30.000Z
173.858533700885914,-41.289044856692179,20132,Linkwater Services,1173 Queen Charlotte Drive Linkwater .,Food Premises - Low Risk,1671888,5428800,2017-07-17T00:37:30.000Z
173.58268836078156,-41.227780287761114,20133,RD1 Limited,6781 SH 6 Rai .,Food Premises - Low Risk,1648836,5435793,2017-07-17T00:37:30.000Z
173.765770213207929,-41.276304888802912,20134,Havelock Service Station Limited,82 Main Road Havelock .,Food Premises - Low Risk,1664133,5430287,2017-07-17T00:37:30.000Z
173.534789024507688,-41.562661898146388,20135,Leighvander Cottage,2670 SH 63 Wairau Valley .,Food Premises - Low Risk,1644592,5398641,2017-07-17T00:37:30.000Z
174.075947131570388,-41.673540549744466,20136,Seddon Supervalue Limited,3 Mills Street Seddon .,Food Premises - High Risk,1689562,5385910,2017-07-17T00:37:30.000Z
173.970747270593364,-41.217406996573452,20137,Te Mahia Bay Resort,63 Te Mahia Road Kenepuru Sound .,Food Premises - Low Risk,1681373,5436654,2017-07-17T00:37:30.000Z
173.841994031818814,-40.926462472971181,20138,French Pass Services 1993,Croisilles-French Pass Road Current Basin .,Food Premises - Low Risk,1670892,5469065,2017-07-17T00:37:30.000Z
173.940877163613294,-41.510471126316659,20139,Roast On The Run Limited,7 Boyce Street Blenheim .,Food Premises - High Risk,1678516,5404146,2017-07-17T00:37:30.000Z
173.970100330366677,-41.519857099229618,20140,Mariposa Hair Design,17 Tremorne Avenue Blenheim .,Hairdresser,1680943,5403077,2017-07-17T00:37:30.000Z
173.93602686420644,-41.49985507348277,20141,Just Hair,8 Rutledge Drive Blenheim .,Hairdresser,1678124,5405329,2017-07-17T00:37:30.000Z
174.076643141166926,-41.639604587881756,20142,Oak Tree Cottage,44 Lintons Road Redwood Pass .,Food Control Plan,1689667,5389677,2017-07-17T00:37:30.000Z
173.954128703641146,-41.509533276335581,20143,Joocy Loocy Limited,4 John Street Blenheim .,Food Control Plan,1679623,5404238,2017-07-17T00:37:30.000Z
173.934075485699879,-41.529135603810957,20144,The Burleigh,72 A New Renwick Road Blenheim .,Food Control Plan,1677926,5402080,2017-07-17T00:37:30.000Z
173.823802707808824,-41.508649148301195,20145,Renwick Arms Country Club Incorporated,92 High Street Renwick .,Food Control Plan,1668748,5404448,2017-07-17T00:37:30.000Z
173.956261786335716,-41.529079348130239,20146,Redwood Development Limited,66 Cleghorn Street Blenheim .,Food Control Plan,1679777,5402066,2017-07-17T00:37:30.000Z
173.95915773595982,-41.515769515531382,20147,Subway Sandwiches (Marlborough) Ltd,18 A Kinross Street Blenheim .,Food Control Plan,1680035,5403541,2017-07-17T00:37:30.000Z
174.004854676315887,-41.288355978536103,20148,Subway Picton,3 Auckland Street Picton .,Food Control Plan,1684141,5428745,2017-07-17T00:37:30.000Z
173.960511233046844,-41.504373014110271,20149,Subway Grove Road Ltd,56 Grove Road Blenheim .,Food Control Plan,1680162,5404805,2017-07-17T00:37:30.000Z
174.130598818143483,-41.829311880323978,20150,Flaxbourne Tearooms,7326 SH 1 Ward .,Food Control Plan,1693884,5368557,2017-07-17T00:37:30.000Z
173.956636790508014,-41.514664604610921,20151,Figaro's Cafe,8 Scott Street Blenheim .,Food Control Plan,1679826,5403666,2017-07-17T00:37:30.000Z
173.935388425085591,-41.509606164611952,20152,Kotare Cafe,131 Middle Renwick Road Blenheim .,Food Control Plan,1678059,5404247,2017-07-17T00:37:30.000Z
173.955691695231138,-41.513960887717843,20153,Brumby's Blenheim,65 Queen Street Blenheim .,Food Control Plan,1679748,5403745,2017-07-17T00:37:30.000Z
174.006645719263418,-41.289889637408557,20154,Gusto,35 High Street Picton .,Food Control Plan,1684289,5428573,2017-07-17T00:37:30.000Z
173.959019687448261,-41.508853076504074,20155,23 Grove Road Coffee House,23 Grove Road Blenheim .,Food Control Plan,1680032,5404309,2017-07-17T00:37:30.000Z
173.915731139412657,-41.492227136761301,20156,Rock Ferry Wines Cellar Door & Cafe,80 Hammerichs Road Rapaura .,Food Control Plan,1676439,5406194,2017-07-17T00:37:30.000Z
174.007125604944406,-41.28925490759412,20157,Mikey's Bar & Restaurant,12 High Street Picton .,Food Control Plan,1684330,5428643,2017-07-17T00:37:30.000Z
174.02521500979887,-41.537852780959469,20158,Riverlands Roadhouse,3535 SH 1 Riverlands .,Food Control Plan,1685518,5401026,2017-07-17T00:37:30.000Z
173.955729571203136,-41.514906337025387,20159,Pizza Hut,17 C Maxwell Road Blenheim .,Food Control Plan,1679750,5403640,2017-07-17T00:37:30.000Z
173.957234040154987,-41.512092560525012,20160,Eat Thai Restaurant,35 High Street Blenheim .,Food Control Plan,1679879,5403951,2017-07-17T00:37:30.000Z
173.968013928559827,-41.513353417774766,20161,Gramado's Restaurant,74 Main Street Blenheim .,Food Control Plan,1680777,5403801,2017-07-17T00:37:30.000Z
173.817416289661935,-41.48581606200613,20162,Wairau River Wines Limited,11 Rapaura Road Rapaura .,Food Control Plan,1668239,5406988,2017-07-17T00:37:30.000Z
174.027028850447579,-41.27675664404304,20163,Kara's Home Baking,16 A Admiralty Place Waikawa .,Food Control Plan,1686013,5430011,2017-07-17T00:37:30.000Z
173.956735221181788,-41.511583296480431,20164,I Hair,29 Market Street Blenheim .,Hairdresser,1679838,5404008,2017-07-17T00:37:30.000Z
173.954384470707936,-41.50083911775824,20165,Byron Taylor Hairdressing,2 Penny Street Blenheim .,Hairdresser,1679655,5405203,2017-07-17T00:37:30.000Z
173.955999446760075,-41.512886463649281,20166,Jays,11 Charles Street Blenheim .,Food Premises - High Risk,1679775,5403864,2017-07-17T00:37:30.000Z
174.006661398548687,-41.290132705535662,20167,Beyond The Fringe Hair Design - Picton,41 High Street Picton .,Hairdresser,1684290,5428546,2017-07-17T00:37:30.000Z
173.961141791267806,-41.502449192789925,20168,The Honey Collection Limited,74 Grove Road Blenheim .,Food Premises - Low Risk,1680217,5405018,2017-07-17T00:37:30.000Z
173.959806634454338,-41.505342676780941,20169,Wino's Liquor Limited,49 Grove Road Blenheim .,Food Premises - Low Risk,1680102,5404698,2017-07-17T00:37:30.000Z
174.076041272693516,-41.673422577396792,20170,Country Kai,3 Mills Street Seddon .,Food Premises - High Risk,1689570,5385923,2017-07-17T00:37:30.000Z
173.954869682136405,-41.514291978008799,20171,Scissorsaurusrex Hair Salon,28 George Street Blenheim .,Hairdresser,1679679,5403709,2017-07-17T00:37:30.000Z
174.007119897186698,-41.289660299638953,20172,Bakehouse Cafe,32 High Street Picton .,Food Premises - High Risk,1684329,5428598,2017-07-17T00:37:30.000Z
174.008898956058744,-41.290410366552187,20173,Picton Yacht Club Hotel,17 Waikawa Road Picton .,Food Control Plans,1684477,5428513,2017-07-17T00:37:30.000Z
174.006640008557383,-41.290295029419873,20174,Beauty And The Barber,47 High Street Picton .,Hairdresser,1684288,5428528,2017-07-17T00:37:30.000Z
174.037793527524599,-41.268877520619746,20175,Oddies Marine,39 Beach Road Waikawa .,Food Premises - Low Risk,1686925,5430875,2017-07-17T00:37:30.000Z
173.956546367956747,-41.515034655082701,20176,2 Style Hairdesign,24 Scott Street Blenheim .,Hairdresser,1679818,5403625,2017-07-17T00:37:30.000Z
174.001193431513428,-41.297278381725185,20177,Gas Picton,50 Kent Street Picton .,Food Premises - Low Risk,1683823,5427758,2017-07-17T00:37:30.000Z
173.775552311670424,-41.173568771547245,20178,On the Track Lodge Limited,Nydia Bay Pelorus Sound / Te Hoiere .,Food Premises - Low Risk,1665054,5441685,2017-07-17T00:37:30.000Z
174.006412325880916,-41.292575943001012,20179,Healthy Hub On High,111 High Street Picton .,Hairdresser,1684266,5428275,2017-07-17T00:37:30.000Z
173.959476032159614,-41.501616416395287,20180,Dodson Street Beer Garden Limited,1 Dodson Street Blenheim .,Food Control Plans,1680079,5405112,2017-07-17T00:37:30.000Z
174.039000119701967,-41.286242314121594,20181,Serenity Salon,105 Boons Valley Road Picton Rural .,Hairdresser,1687003,5428946,2017-07-17T00:37:30.000Z
173.934731383382967,-41.352062872257939,20182,Valley Hair Limited,162 Speeds Road Koromiko .,Hairdresser,1678193,5421738,2017-07-17T00:37:30.000Z
173.958909007544037,-41.516780404386111,20183,Arthur Devine,17 Francis Street Blenheim .,Hairdresser,1680013,5403429,2017-07-17T00:37:30.000Z
173.958665317382156,-41.513260591571495,20184,Domino's Blenheim,5 Main Street Blenheim .,Food Premises - High Risk,1679997,5403820,2017-07-17T00:37:30.000Z
172.861386229684371,-41.875575926590273,20185,Rainbow Cafe,1680 Rainbow Road Wairau Valley .,Food Premises - High Risk,1588498,5364029,2017-07-17T00:37:30.000Z
173.920580299544838,-41.263920440521346,20186,The Green Cafe,401 Anakiwa Road Queen Charlotte Sound / Totaranui .,Food Premises - Low Risk,1677113,5431536,2017-07-17T00:37:30.000Z
173.926229521632678,-41.465598435126978,20187,Makana Confections,180 O'Dwyers Road Rapaura .,Food Premises - Low Risk,1677347,5409141,2017-07-17T00:37:30.000Z
173.95609401941212,-41.506283338096686,20188,Sharyn Sweeney Hairdressing,16 B Pitchill Street Blenheim .,Hairdresser,1679791,5404597,2017-07-17T00:37:30.000Z
173.955694344901133,-41.514141011248491,20189,Petrolheads Barbers,71 Queen Street Blenheim .,Hairdresser,1679748,5403725,2017-07-17T00:37:30.000Z
173.929417098494639,-41.505988608946105,20190,Edge Hair,33 B Adams Lane Blenheim .,Hairdresser,1677565,5404654,2017-07-17T00:37:30.000Z
173.945923976508141,-41.512249197067469,20191,Harmony Hair Design,140 Charles Street Blenheim .,Hairdresser,1678935,5403944,2017-07-17T00:37:30.000Z
174.005719619031964,-41.287132398024944,20192,Atawhai Cafe,Lagoon Road Picton .,Food Premises - Low Risk,1684215,5428880,2017-07-17T00:37:30.000Z
173.961327931595889,-41.532036521634204,20193,The New Funky Fish,1 Moran Street Blenheim .,Food Premises - High Risk,1680196,5401733,2017-07-17T00:37:30.000Z
173.929623130959953,-41.537971772625973,20194,Omaka Aviation Heritage Centre,79 Aerodrome Road Omaka .,Food Premises - Low Risk,1677544,5401103,2017-07-17T00:37:30.000Z
174.036909974244566,-41.267363193982554,20195,Waikawa Boating Club Incorporated,Waikawa Marina Waikawa Bay Queen Charlotte Sound / Totaranui .,Food Premises - High Risk,1686853,5431044,2017-07-17T00:37:30.000Z
173.766058824567381,-41.27750099256204,20196,Blush Hair And Beauty Ltd,81 Main Road Havelock .,Hairdresser,1664156,5430154,2017-07-17T00:37:30.000Z
173.766796702984209,-41.279333650069844,20197,Havelock Town Hall,63 Main Road Havelock .,Food Premises - Low Risk,1664216,5429950,2017-07-17T00:37:30.000Z
173.956643439774041,-41.510232967704489,20198,Clubs Of Marlborough,42 Alfred Street Blenheim .,Food Premises - High Risk,1679832,5404158,2017-07-17T00:37:30.000Z
173.964541668423408,-41.528082448732306,20199,Alabama Road Cafe Limited,186 Alabama Road Blenheim .,Food Premises - High Risk,1680469,5402169,2017-07-17T00:37:30.000Z
173.957788163485702,-41.511475451761299,20200,Mr Asian,21 Alfred Street Blenheim .,Food Premises - Low Risk,1679926,5404019,2017-07-17T00:37:30.000Z
173.88805377609728,-41.528752618239785,20201,Maisie's Beauty Salon,466 New Renwick Road Fairhall .,Hairdresser,1674087,5402163,2017-07-17T00:37:30.000Z
173.97229610203695,-41.222104966893411,20202,Mistletoe Bay Trust,Onahau Road Queen Charlotte Sound / Totaranui .,Camping Ground,1681497,5436131,2017-07-17T00:37:30.000Z
173.968472120493516,-41.503090265525557,20203,Headzone,85 Budge Street Blenheim .,Hairdresser,1680828,5404940,2017-07-17T00:37:30.000Z
174.103462639243389,-41.612617291962273,20204,Ugbrooke Country Estate Limited,152 Ugbrooke Road Redwood Pass .,Food Premises - High Risk,1691939,5392645,2017-07-17T00:37:30.000Z
173.961980390674142,-41.513773345219541,20205,Caltex Main Street,26 Main Street Blenheim .,Food Premises - Low Risk,1680273,5403760,2017-07-17T00:37:30.000Z
174.133317623569724,-41.827789965607074,20206,Flaxbourne Motels Limited,7305 SH 1 Ward .,Camping Ground,1694112,5368723,2017-07-17T00:37:30.000Z
173.825788929560957,-41.508418727681679,20207,Renwick Roadhouse Cafe,61 High Street Renwick .,Food Premises - High Risk,1668914,5404472,2017-07-17T00:37:30.000Z
173.955717443344952,-41.53037191077491,20208,Beyond The Fringe Hair Design - Redwood Village,73 Cleghorn Street Blenheim .,Hairdresser,1679730,5401923,2017-07-17T00:37:30.000Z
173.655350875369521,-41.1117283160591,20209,Okiwi Bay Store Ltd,15 Renata Road Okiwi Bay Croisilles .,Food Premises - Low Risk,1655023,5448633,2017-07-17T00:37:30.000Z
173.966251348107022,-41.513287175343798,20210,Blenheim Night 'n Day,60 Main Street Blenheim .,Food Premises - High Risk,1680630,5403810,2017-07-17T00:37:30.000Z
173.954745685087573,-41.514824436864309,20211,Real Food Grocer,32 Maxwell Road Blenheim .,Food Premises - Low Risk,1679668,5403650,2017-07-17T00:37:30.000Z
173.94554376433473,-41.525646139215276,20212,Showgrounds Store 2004,137 Maxwell Road Blenheim .,Food Premises - Low Risk,1678887,5402457,2017-07-17T00:37:30.000Z
173.942121140995312,-41.534276161765888,20213,The Hospital Store,215 Maxwell Road Blenheim .,Food Premises - High Risk,1678591,5401502,2017-07-17T00:37:30.000Z
173.957232341245458,-41.522550017488925,20214,Tip Top Store,82 Muller Road Blenheim .,Food Premises - High Risk,1679866,5402790,2017-07-17T00:37:30.000Z
174.031933172073423,-41.272010808917784,20215,Parklands Marina Holiday Park,10 Beach Road Waikawa .,Food Premises - Low Risk,1686430,5430533,2017-07-17T00:37:30.000Z
173.826233813070644,-41.507595865705007,20216,Cabello Hair And Beauty,70 High Street Renwick .,Hairdresser,1668952,5404563,2017-07-17T00:37:30.000Z
173.956103467006102,-41.514254705155636,20217,Vogue Salon,20 Maxwell Road Blenheim .,Hairdresser,1679782,5403712,2017-07-17T00:37:30.000Z
173.957053389001629,-41.514471985531834,20218,Beyond The Fringe - Blenheim,9 Scott Street Blenheim .,Hairdresser,1679861,5403687,2017-07-17T00:37:30.000Z
173.935257535329356,-41.509670280183421,20219,Illusions Hair,131 Middle Renwick Road Blenheim .,Hairdresser,1678048,5404240,2017-07-17T00:37:30.000Z
173.942051054056719,-41.53440283748138,20220,Hair Studio @ 217 Limited,217 Maxwell Road Blenheim .,Hairdresser,1678585,5401488,2017-07-17T00:37:30.000Z
173.953991407619498,-41.537718142646398,20221,The Clip Joint,6 Alana Place Blenheim .,Hairdresser,1679577,5401109,2017-07-17T00:37:30.000Z
173.955513162739322,-41.530337579391421,20222,Gibbos Barber Shop,75 B Cleghorn Street Blenheim .,Hairdresser,1679713,5401927,2017-07-17T00:37:30.000Z
173.955538723826379,-41.530445454022981,20223,SOS Hair & Beauty,75 B Cleghorn Street Blenheim .,Hairdresser,1679715,5401915,2017-07-17T00:37:30.000Z
173.951562880867669,-41.511887421916121,20224,Solutions '93 Hair Salon,135 High Street Blenheim .,Hairdresser,1679406,5403979,2017-07-17T00:37:30.000Z
173.955344145621211,-41.514774430401886,20225,Hair By Kardos,28 Maxwell Road Blenheim .,Hairdresser,1679718,5403655,2017-07-17T00:37:30.000Z
173.955942242556034,-41.512256429595098,20226,Prestige,48 Market Street Blenheim .,Hairdresser,1679771,5403934,2017-07-17T00:37:30.000Z
174.007992420275059,-41.289706708030089,20227,Sandy's Hair Design,21 Wellington Street Picton .,Hairdresser,1684402,5428592,2017-07-17T00:37:30.000Z
173.766557286725771,-41.338434430955495,20228,Waves Campsite,3389 SH 6 Havelock Rural .,Camping Ground,1664138,5423389,2017-07-17T00:37:30.000Z
173.941284055404253,-41.270806020682677,20229,Momorangi Bay Camping Ground,1998 Queen Charlotte Drive Grove Arm .,Camping Ground,1678839,5430753,2017-07-17T00:37:30.000Z
173.954934438274535,-41.457518297482522,20230,Spring Creek Holiday Park,1199 Rapaura Road Spring Creek Rural .,Camping Ground,1679754,5410012,2017-07-17T00:37:30.000Z
173.768260553798342,-41.278918543995111,20231,Havelock Holiday Park,Havelock Quay Havelock .,Camping Ground,1664339,5429995,2017-07-17T00:37:30.000Z
173.655064951951061,-41.11172093415292,20232,Okiwi Bay Holiday Park & Lodge,15 Renata Road Okiwi Bay Croisilles .,Camping Ground,1654999,5448634,2017-07-17T00:37:30.000Z
173.961562041057448,-41.503319387227975,20233,Blenheim Motor Camp & Backpackers Ltd,27 Budge Street Blenheim .,Camping Ground,1680251,5404921,2017-07-17T00:37:30.000Z
173.961384848532504,-41.501870694407586,20234,Blenheim Bridge Top 10 Holiday Park,78 Grove Road Blenheim .,Camping Ground,1680238,5405082,2017-07-17T00:37:30.000Z
174.040766443479328,-41.270390984610991,20235,Waikawa Bay Caravan Park,Waimarama Street Waikawa .,Camping Ground,1687172,5430704,2017-07-17T00:37:30.000Z
174.031870930758828,-41.271849229682729,20236,Parklands Marina Holiday Park,10 Beach Road Waikawa .,Camping Ground,1686425,5430551,2017-07-17T00:37:30.000Z
174.014442856319988,-41.289028517562443,20237,Picton Top 10 Holiday Park,70 Waikawa Road Picton .,Camping Ground,1684943,5428661,2017-07-17T00:37:30.000Z
174.001132124862494,-41.295612510087068,20238,Picton Campervan Park,42 Kent Street Picton .,Camping Ground,1683820,5427943,2017-07-17T00:37:30.000Z
174.005298194088653,-41.29857572849977,20239,Alexanders Holiday Park,Cambridge Terrace Picton .,Camping Ground,1684165,5427610,2017-07-17T00:37:30.000Z
